Delhi,Hyderabad,Mumbai,Kolkata`,Bengaluru,Chennai,Ahmedabad,Pune,Lucknow,Chandigarh,Bhubaneswar,Jaipur
22,29,30,29,24,31,25,26,23,20,26,21
23.5,30,31.5,31.9,24.96,31.3,25,28.6,25,19,27,19.5
24,31.5,33,35.09,25.9584,32.4,27,31.46,26,23,30,23
27,37,34.5,38.599,26.996736,39,31,34.606,30,28,35,31
31,38,36,42.4589,28.07660544,41,32.5,38.0666,33,26,33,35
